ID,Request_Start,Completion_Timestamp
1,100.0,102.53019544335199
2,200.0,200.1
3,300.0,300.1
4,400.0,402.5794193243791
5,500.0,505.0823123746444
6,600.0,602.1813825221354
7,700.0,707.5497464786503
8,800.0,807.4388144353182
9,900.0,902.8234191198051
10,1000.0,1004.146607765141
11,1100.0,1103.6795827158867
12,1200.0,1207.288207694124
13,1300.0,1308.7905686325905
14,1400.0,1404.4149091420572
15,1500.0,1506.779092627891
16,1600.0,1608.1925808713352
17,1700.0,1706.8750415785505
18,1800.0,1802.2659031141734
19,1900.0,1907.2477776166543
20,2000.0,2004.3871703603522
21,2100.0,2108.1086695479094
22,2200.0,2208.7002711819546
23,2300.0,2307.504237840625
24,2400.0,2406.3260742123384
25,2500.0,2508.6063172017866
26,2600.0,2605.107984964158
27,2700.0,2706.25618546269
28,2800.0,2802.235829810508
29,2900.0,2906.5209393631417
30,3000.0,3003.639607828489
31,3100.0,3106.096780170768
32,3200.0,3208.023463584068
33,3300.0,3306.18827808295
34,3400.0,3405.3707251347832
35,3500.0,3500.1
36,3600.0,3608.37814460172
37,3700.0,3702.191480109256
38,3800.0,3808.1344228674084
39,3900.0,3904.914815838886
40,4000.0,4003.0193336324255
41,4100.0,4109.854030651614
42,4200.0,4209.434076755552
43,4300.0,4303.969794147191
44,4400.0,4409.182710164999
45,4500.0,4506.348162852511
46,4600.0,4600.1
47,4700.0,4706.829743254516
48,4800.0,4800.1
49,4900.0,4909.056483946742
50,5000.0,5007.440988837007
51,5100.0,5102.239795391352
52,5200.0,5202.54865978577
53,5300.0,5304.132254929087
54,5400.0,5403.817307749131
55,5500.0,5504.5886409548375
56,5600.0,5603.17736083974
57,5700.0,5706.679228642007
58,5800.0,5804.579797942393
59,5900.0,5909.612675346498
60,6000.0,6004.9748792066
61,6100.0,6104.8590798608575
62,6200.0,6200.1
63,6300.0,6308.539919345389
64,6400.0,6409.667670853717
65,6500.0,6508.589160638476
66,6600.0,6605.600495782875
67,6700.0,6700.1
68,6800.0,6806.159294757852
69,6900.0,6906.249167072753
70,7000.0,7009.446216468581
71,7100.0,7105.552138938379
72,7200.0,7207.787945012203
73,7300.0,7302.555713331392
74,7400.0,7400.1
75,7500.0,7507.48259150796
76,7600.0,7609.757379445539
77,7700.0,7705.640498686815
78,7800.0,7806.69461762996
79,7900.0,7906.93610658564
80,8000.0,8005.730480557147
81,8100.0,8109.480030553027
82,8200.0,8205.528119587143
83,8300.0,8306.077643775368
84,8400.0,8402.868524291685
85,8500.0,8504.459239569254
86,8600.0,8604.988761026776
87,8700.0,8709.57093281951
88,8800.0,8808.884078108173
89,8900.0,8909.191298690594
90,9000.0,9009.786345278271
91,9100.0,9108.881096962998
92,9200.0,9204.924989133933
93,9300.0,9305.634607891687
94,9400.0,9403.774691348503
95,9500.0,9503.650803509254
96,9600.0,9600.1
97,9700.0,9700.1
98,9800.0,9808.339595861442
99,9900.0,9908.003141636376
100,10000.0,10005.124598896888
